;fit_time;score_time;estimator;test_roc_auc;train_roc_auc;test_average_precision;train_average_precision;test_f1;train_f1;test_precision;train_precision;test_recall;train_recall;test_balanced_accuracy;train_balanced_accuracy;n_train;n_test;repeat;fold;cv_mdsum
0;91.90954804420471;0.23603487014770508;"GridSearchCV(cv=KFold(n_splits=5, random_state=None, shuffle=False),
             estimator=Pipeline(steps=[('set_column_types',
                                        SetColumnTypes(X_types={'continuous': ['Sex-0.0',
                                                                               'AgeAtScan']})),
                                       ('zscore',
                                        JuColumnTransformer(apply_to=ColumnTypes<types={'*'}; pattern=.*>,
                                                            copy=True,
                                                            name='zscore',
                                                            transformer=StandardScaler(),
                                                            with_mean=True,
                                                            with_std=True)),
                                       ('rf',
                                        WrapModel...
                                                  min_samples_leaf=1,
                                                  min_samples_split=2,
                                                  min_weight_fraction_leaf=0.0,
                                                  model=RandomForestClassifier(),
                                                  monotonic_cst=None,
                                                  n_estimators=100, n_jobs=None,
                                                  oob_score=False,
                                                  random_state=None, verbose=0,
                                                  warm_start=False))]),
             param_grid={'rf__criterion': ['gini', 'entropy', 'log_loss'],
                         'rf__max_features': ['sqrt', 'log2'],
                         'rf__n_estimators': [200, 500]},
             scoring='balanced_accuracy')";0.5638051044083526;0.7181187467487149;0.6318546745639478;0.7779123052396681;0.6629171353580803;0.7438492247702163;0.61731843575419;0.6867821018343906;0.7157894736842105;0.8112596192790603;0.5400293076077665;0.6405398502663439;8384;2097;0;0;0e771c1190ea4a0ce23c7d5b46c62924
1;102.46066474914551;0.2952859401702881;"GridSearchCV(cv=KFold(n_splits=5, random_state=None, shuffle=False),
             estimator=Pipeline(steps=[('set_column_types',
                                        SetColumnTypes(X_types={'continuous': ['Sex-0.0',
                                                                               'AgeAtScan']})),
                                       ('zscore',
                                        JuColumnTransformer(apply_to=ColumnTypes<types={'*'}; pattern=.*>,
                                                            copy=True,
                                                            name='zscore',
                                                            transformer=StandardScaler(),
                                                            with_mean=True,
                                                            with_std=True)),
                                       ('rf',
                                        WrapModel...
                                                  min_samples_leaf=1,
                                                  min_samples_split=2,
                                                  min_weight_fraction_leaf=0.0,
                                                  model=RandomForestClassifier(),
                                                  monotonic_cst=None,
                                                  n_estimators=100, n_jobs=None,
                                                  oob_score=False,
                                                  random_state=None, verbose=0,
                                                  warm_start=False))]),
             param_grid={'rf__criterion': ['gini', 'entropy', 'log_loss'],
                         'rf__max_features': ['sqrt', 'log2'],
                         'rf__n_estimators': [200, 500]},
             scoring='balanced_accuracy')";0.5679190153688795;0.7187047034764347;0.6226401486781112;0.7809016057557219;0.672876304023845;0.7434613244296049;0.6227586206896552;0.6859489988019852;0.7317666126418152;0.8115003037052034;0.5485979234902811;0.6394994263737857;8385;2096;0;1;0e771c1190ea4a0ce23c7d5b46c62924
2;114.33025407791138;0.10678291320800781;"GridSearchCV(cv=KFold(n_splits=5, random_state=None, shuffle=False),
             estimator=Pipeline(steps=[('set_column_types',
                                        SetColumnTypes(X_types={'continuous': ['Sex-0.0',
                                                                               'AgeAtScan']})),
                                       ('zscore',
                                        JuColumnTransformer(apply_to=ColumnTypes<types={'*'}; pattern=.*>,
                                                            copy=True,
                                                            name='zscore',
                                                            transformer=StandardScaler(),
                                                            with_mean=True,
                                                            with_std=True)),
                                       ('rf',
                                        WrapModel...
                                                  min_samples_leaf=1,
                                                  min_samples_split=2,
                                                  min_weight_fraction_leaf=0.0,
                                                  model=RandomForestClassifier(),
                                                  monotonic_cst=None,
                                                  n_estimators=100, n_jobs=None,
                                                  oob_score=False,
                                                  random_state=None, verbose=0,
                                                  warm_start=False))]),
             param_grid={'rf__criterion': ['gini', 'entropy', 'log_loss'],
                         'rf__max_features': ['sqrt', 'log2'],
                         'rf__n_estimators': [200, 500]},
             scoring='balanced_accuracy')";0.5784510410751823;0.7161052301808118;0.6430329057013386;0.7766357323838984;0.6724202626641651;0.742686789640395;0.6261355695317959;0.6878343399482313;0.7260940032414911;0.8070459607207937;0.5527221756346666;0.6410447447248774;8385;2096;0;2;0e771c1190ea4a0ce23c7d5b46c62924
3;116.42278695106506;0.10619711875915527;"GridSearchCV(cv=KFold(n_splits=5, random_state=None, shuffle=False),
             estimator=Pipeline(steps=[('set_column_types',
                                        SetColumnTypes(X_types={'continuous': ['Sex-0.0',
                                                                               'AgeAtScan']})),
                                       ('zscore',
                                        JuColumnTransformer(apply_to=ColumnTypes<types={'*'}; pattern=.*>,
                                                            copy=True,
                                                            name='zscore',
                                                            transformer=StandardScaler(),
                                                            with_mean=True,
                                                            with_std=True)),
                                       ('rf',
                                        WrapModel...
                                                  min_samples_leaf=1,
                                                  min_samples_split=2,
                                                  min_weight_fraction_leaf=0.0,
                                                  model=RandomForestClassifier(),
                                                  monotonic_cst=None,
                                                  n_estimators=100, n_jobs=None,
                                                  oob_score=False,
                                                  random_state=None, verbose=0,
                                                  warm_start=False))]),
             param_grid={'rf__criterion': ['gini', 'entropy', 'log_loss'],
                         'rf__max_features': ['sqrt', 'log2'],
                         'rf__n_estimators': [200, 500]},
             scoring='balanced_accuracy')";0.5996492168507573;0.7091094938420046;0.6583964702891201;0.7712701456809024;0.6895011169024572;0.7380709719262485;0.6381805651274983;0.680273270708796;0.7497975708502024;0.8066018631024706;0.5700207366446134;0.631760461577345;8385;2096;0;3;0e771c1190ea4a0ce23c7d5b46c62924
4;112.95752286911011;0.1271498203277588;"GridSearchCV(cv=KFold(n_splits=5, random_state=None, shuffle=False),
             estimator=Pipeline(steps=[('set_column_types',
                                        SetColumnTypes(X_types={'continuous': ['Sex-0.0',
                                                                               'AgeAtScan']})),
                                       ('zscore',
                                        JuColumnTransformer(apply_to=ColumnTypes<types={'*'}; pattern=.*>,
                                                            copy=True,
                                                            name='zscore',
                                                            transformer=StandardScaler(),
                                                            with_mean=True,
                                                            with_std=True)),
                                       ('rf',
                                        WrapModel...
                                                  min_samples_leaf=1,
                                                  min_samples_split=2,
                                                  min_weight_fraction_leaf=0.0,
                                                  model=RandomForestClassifier(),
                                                  monotonic_cst=None,
                                                  n_estimators=100, n_jobs=None,
                                                  oob_score=False,
                                                  random_state=None, verbose=0,
                                                  warm_start=False))]),
             param_grid={'rf__criterion': ['gini', 'entropy', 'log_loss'],
                         'rf__max_features': ['sqrt', 'log2'],
                         'rf__n_estimators': [200, 500]},
             scoring='balanced_accuracy')";0.5958982822910937;0.7103716193946803;0.651198339232864;0.7743031101967885;0.6840148698884758;0.7392988929889299;0.6323024054982818;0.6789223991867164;0.7449392712550608;0.811462130417173;0.5617843859178904;0.6308543608279656;8385;2096;0;4;0e771c1190ea4a0ce23c7d5b46c62924
5;108.11173677444458;0.08804011344909668;"GridSearchCV(cv=KFold(n_splits=5, random_state=None, shuffle=False),
             estimator=Pipeline(steps=[('set_column_types',
                                        SetColumnTypes(X_types={'continuous': ['Sex-0.0',
                                                                               'AgeAtScan']})),
                                       ('zscore',
                                        JuColumnTransformer(apply_to=ColumnTypes<types={'*'}; pattern=.*>,
                                                            copy=True,
                                                            name='zscore',
                                                            transformer=StandardScaler(),
                                                            with_mean=True,
                                                            with_std=True)),
                                       ('rf',
                                        WrapModel...
                                                  min_samples_leaf=1,
                                                  min_samples_split=2,
                                                  min_weight_fraction_leaf=0.0,
                                                  model=RandomForestClassifier(),
                                                  monotonic_cst=None,
                                                  n_estimators=100, n_jobs=None,
                                                  oob_score=False,
                                                  random_state=None, verbose=0,
                                                  warm_start=False))]),
             param_grid={'rf__criterion': ['gini', 'entropy', 'log_loss'],
                         'rf__max_features': ['sqrt', 'log2'],
                         'rf__n_estimators': [200, 500]},
             scoring='balanced_accuracy')";0.5936002329579079;0.7119794153246044;0.6651172970730713;0.770885749374973;0.6773234200743494;0.7417744916820702;0.6261168384879725;0.6822509350561033;0.7376518218623481;0.8126771972458485;0.5532806673116846;0.635154617195182;8384;2097;1;0;0e771c1190ea4a0ce23c7d5b46c62924
6;111.12730002403259;0.10649704933166504;"GridSearchCV(cv=KFold(n_splits=5, random_state=None, shuffle=False),
             estimator=Pipeline(steps=[('set_column_types',
                                        SetColumnTypes(X_types={'continuous': ['Sex-0.0',
                                                                               'AgeAtScan']})),
                                       ('zscore',
                                        JuColumnTransformer(apply_to=ColumnTypes<types={'*'}; pattern=.*>,
                                                            copy=True,
                                                            name='zscore',
                                                            transformer=StandardScaler(),
                                                            with_mean=True,
                                                            with_std=True)),
                                       ('rf',
                                        WrapModel...
                                                  min_samples_leaf=1,
                                                  min_samples_split=2,
                                                  min_weight_fraction_leaf=0.0,
                                                  model=RandomForestClassifier(),
                                                  monotonic_cst=None,
                                                  n_estimators=100, n_jobs=None,
                                                  oob_score=False,
                                                  random_state=None, verbose=0,
                                                  warm_start=False))]),
             param_grid={'rf__criterion': ['gini', 'entropy', 'log_loss'],
                         'rf__max_features': ['sqrt', 'log2'],
                         'rf__n_estimators': [200, 500]},
             scoring='balanced_accuracy')";0.5625448901390232;0.719079355484561;0.6238807323555988;0.7828659975106713;0.6646364674533689;0.7407963936889557;0.6267049533381192;0.6908390260991417;0.7074554294975689;0.798542215023284;0.5521035848183901;0.643177085457086;8385;2096;1;1;0e771c1190ea4a0ce23c7d5b46c62924
7;109.4357328414917;0.1534562110900879;"GridSearchCV(cv=KFold(n_splits=5, random_state=None, shuffle=False),
             estimator=Pipeline(steps=[('set_column_types',
                                        SetColumnTypes(X_types={'continuous': ['Sex-0.0',
                                                                               'AgeAtScan']})),
                                       ('zscore',
                                        JuColumnTransformer(apply_to=ColumnTypes<types={'*'}; pattern=.*>,
                                                            copy=True,
                                                            name='zscore',
                                                            transformer=StandardScaler(),
                                                            with_mean=True,
                                                            with_std=True)),
                                       ('rf',
                                        WrapModel...
                                                  min_samples_leaf=1,
                                                  min_samples_split=2,
                                                  min_weight_fraction_leaf=0.0,
                                                  model=RandomForestClassifier(),
                                                  monotonic_cst=None,
                                                  n_estimators=100, n_jobs=None,
                                                  oob_score=False,
                                                  random_state=None, verbose=0,
                                                  warm_start=False))]),
             param_grid={'rf__criterion': ['gini', 'entropy', 'log_loss'],
                         'rf__max_features': ['sqrt', 'log2'],
                         'rf__n_estimators': [200, 500]},
             scoring='balanced_accuracy')";0.5682988188487819;0.7165120799934477;0.6229725981074836;0.7796134051774898;0.6850130159910748;0.7430260484019952;0.6329896907216495;0.6832002717852896;0.7463533225283631;0.8143348856043734;0.5634318816818149;0.6365638444272592;8385;2096;1;2;0e771c1190ea4a0ce23c7d5b46c62924
8;108.22476696968079;0.12080192565917969;"GridSearchCV(cv=KFold(n_splits=5, random_state=None, shuffle=False),
             estimator=Pipeline(steps=[('set_column_types',
                                        SetColumnTypes(X_types={'continuous': ['Sex-0.0',
                                                                               'AgeAtScan']})),
                                       ('zscore',
                                        JuColumnTransformer(apply_to=ColumnTypes<types={'*'}; pattern=.*>,
                                                            copy=True,
                                                            name='zscore',
                                                            transformer=StandardScaler(),
                                                            with_mean=True,
                                                            with_std=True)),
                                       ('rf',
                                        WrapModel...
                                                  min_samples_leaf=1,
                                                  min_samples_split=2,
                                                  min_weight_fraction_leaf=0.0,
                                                  model=RandomForestClassifier(),
                                                  monotonic_cst=None,
                                                  n_estimators=100, n_jobs=None,
                                                  oob_score=False,
                                                  random_state=None, verbose=0,
                                                  warm_start=False))]),
             param_grid={'rf__criterion': ['gini', 'entropy', 'log_loss'],
                         'rf__max_features': ['sqrt', 'log2'],
                         'rf__n_estimators': [200, 500]},
             scoring='balanced_accuracy')";0.578594704397015;0.7147882950794671;0.6368840327942961;0.7778946437007278;0.6846780162842339;0.7414335988145953;0.6305385139740968;0.6831058020477816;0.7489878542510121;0.8106520858647226;0.5597436367654596;0.6359613780063387;8385;2096;1;3;0e771c1190ea4a0ce23c7d5b46c62924
9;115.88609099388123;0.3131871223449707;"GridSearchCV(cv=KFold(n_splits=5, random_state=None, shuffle=False),
             estimator=Pipeline(steps=[('set_column_types',
                                        SetColumnTypes(X_types={'continuous': ['Sex-0.0',
                                                                               'AgeAtScan']})),
                                       ('zscore',
                                        JuColumnTransformer(apply_to=ColumnTypes<types={'*'}; pattern=.*>,
                                                            copy=True,
                                                            name='zscore',
                                                            transformer=StandardScaler(),
                                                            with_mean=True,
                                                            with_std=True)),
                                       ('rf',
                                        WrapModel...
                                                  min_samples_leaf=1,
                                                  min_samples_split=2,
                                                  min_weight_fraction_leaf=0.0,
                                                  model=RandomForestClassifier(),
                                                  monotonic_cst=None,
                                                  n_estimators=100, n_jobs=None,
                                                  oob_score=False,
                                                  random_state=None, verbose=0,
                                                  warm_start=False))]),
             param_grid={'rf__criterion': ['gini', 'entropy', 'log_loss'],
                         'rf__max_features': ['sqrt', 'log2'],
                         'rf__n_estimators': [200, 500]},
             scoring='balanced_accuracy')";0.5986043909022086;0.7105143230658365;0.6586889261268625;0.7708419459746493;0.695910780669145;0.7389007322272685;0.643298969072165;0.6812510681934713;0.7578947368421053;0.8072093965168085;0.5775536401980561;0.6330796039735188;8385;2096;1;4;0e771c1190ea4a0ce23c7d5b46c62924
10;113.57547116279602;0.28433680534362793;"GridSearchCV(cv=KFold(n_splits=5, random_state=None, shuffle=False),
             estimator=Pipeline(steps=[('set_column_types',
                                        SetColumnTypes(X_types={'continuous': ['Sex-0.0',
                                                                               'AgeAtScan']})),
                                       ('zscore',
                                        JuColumnTransformer(apply_to=ColumnTypes<types={'*'}; pattern=.*>,
                                                            copy=True,
                                                            name='zscore',
                                                            transformer=StandardScaler(),
                                                            with_mean=True,
                                                            with_std=True)),
                                       ('rf',
                                        WrapModel...
                                                  min_samples_leaf=1,
                                                  min_samples_split=2,
                                                  min_weight_fraction_leaf=0.0,
                                                  model=RandomForestClassifier(),
                                                  monotonic_cst=None,
                                                  n_estimators=100, n_jobs=None,
                                                  oob_score=False,
                                                  random_state=None, verbose=0,
                                                  warm_start=False))]),
             param_grid={'rf__criterion': ['gini', 'entropy', 'log_loss'],
                         'rf__max_features': ['sqrt', 'log2'],
                         'rf__n_estimators': [200, 500]},
             scoring='balanced_accuracy')";0.5618630057206195;0.7170231532641433;0.6253342204204503;0.7779326207764224;0.6621263715474839;0.7430432759422988;0.6214488636363636;0.6874461856380231;0.708502024291498;0.808424463345484;0.5450862789670947;0.6408634214580002;8384;2097;2;0;0e771c1190ea4a0ce23c7d5b46c62924
11;107.62661623954773;0.11447787284851074;"GridSearchCV(cv=KFold(n_splits=5, random_state=None, shuffle=False),
             estimator=Pipeline(steps=[('set_column_types',
                                        SetColumnTypes(X_types={'continuous': ['Sex-0.0',
                                                                               'AgeAtScan']})),
                                       ('zscore',
                                        JuColumnTransformer(apply_to=ColumnTypes<types={'*'}; pattern=.*>,
                                                            copy=True,
                                                            name='zscore',
                                                            transformer=StandardScaler(),
                                                            with_mean=True,
                                                            with_std=True)),
                                       ('rf',
                                        WrapModel...
                                                  min_samples_leaf=1,
                                                  min_samples_split=2,
                                                  min_weight_fraction_leaf=0.0,
                                                  model=RandomForestClassifier(),
                                                  monotonic_cst=None,
                                                  n_estimators=100, n_jobs=None,
                                                  oob_score=False,
                                                  random_state=None, verbose=0,
                                                  warm_start=False))]),
             param_grid={'rf__criterion': ['gini', 'entropy', 'log_loss'],
                         'rf__max_features': ['sqrt', 'log2'],
                         'rf__n_estimators': [200, 500]},
             scoring='balanced_accuracy')";0.5882817464943386;0.7151048067914336;0.6538135408829152;0.7767839325090823;0.6821241585639491;0.7440749586625023;0.6333333333333333;0.6810156381368757;0.7390599675850892;0.8200040494027131;0.5632654826324518;0.6347553619039102;8385;2096;2;1;0e771c1190ea4a0ce23c7d5b46c62924
12;117.78909802436829;0.2701079845428467;"GridSearchCV(cv=KFold(n_splits=5, random_state=None, shuffle=False),
             estimator=Pipeline(steps=[('set_column_types',
                                        SetColumnTypes(X_types={'continuous': ['Sex-0.0',
                                                                               'AgeAtScan']})),
                                       ('zscore',
                                        JuColumnTransformer(apply_to=ColumnTypes<types={'*'}; pattern=.*>,
                                                            copy=True,
                                                            name='zscore',
                                                            transformer=StandardScaler(),
                                                            with_mean=True,
                                                            with_std=True)),
                                       ('rf',
                                        WrapModel...
                                                  min_samples_leaf=1,
                                                  min_samples_split=2,
                                                  min_weight_fraction_leaf=0.0,
                                                  model=RandomForestClassifier(),
                                                  monotonic_cst=None,
                                                  n_estimators=100, n_jobs=None,
                                                  oob_score=False,
                                                  random_state=None, verbose=0,
                                                  warm_start=False))]),
             param_grid={'rf__criterion': ['gini', 'entropy', 'log_loss'],
                         'rf__max_features': ['sqrt', 'log2'],
                         'rf__n_estimators': [200, 500]},
             scoring='balanced_accuracy')";0.5853363893098482;0.7139039403179617;0.649702749324286;0.7770045492933897;0.6901356802346902;0.7410432522739929;0.6302746148693905;0.6841473864610111;0.7625607779578606;0.8082607815347236;0.5610947741297424;0.636718899182916;8385;2096;2;2;0e771c1190ea4a0ce23c7d5b46c62924
13;112.52446794509888;0.26769399642944336;"GridSearchCV(cv=KFold(n_splits=5, random_state=None, shuffle=False),
             estimator=Pipeline(steps=[('set_column_types',
                                        SetColumnTypes(X_types={'continuous': ['Sex-0.0',
                                                                               'AgeAtScan']})),
                                       ('zscore',
                                        JuColumnTransformer(apply_to=ColumnTypes<types={'*'}; pattern=.*>,
                                                            copy=True,
                                                            name='zscore',
                                                            transformer=StandardScaler(),
                                                            with_mean=True,
                                                            with_std=True)),
                                       ('rf',
                                        WrapModel...
                                                  min_samples_leaf=1,
                                                  min_samples_split=2,
                                                  min_weight_fraction_leaf=0.0,
                                                  model=RandomForestClassifier(),
                                                  monotonic_cst=None,
                                                  n_estimators=100, n_jobs=None,
                                                  oob_score=False,
                                                  random_state=None, verbose=0,
                                                  warm_start=False))]),
             param_grid={'rf__criterion': ['gini', 'entropy', 'log_loss'],
                         'rf__max_features': ['sqrt', 'log2'],
                         'rf__n_estimators': [200, 500]},
             scoring='balanced_accuracy')";0.5737881288587322;0.7145856664414192;0.6322949310176822;0.7755313037371147;0.6748603351955307;0.7406858202038925;0.6248275862068966;0.6828434723171565;0.7336032388663968;0.8092345078979344;0.5508898888873215;0.6353976426928024;8385;2096;2;3;0e771c1190ea4a0ce23c7d5b46c62924
14;118.31598401069641;0.27179598808288574;"GridSearchCV(cv=KFold(n_splits=5, random_state=None, shuffle=False),
             estimator=Pipeline(steps=[('set_column_types',
                                        SetColumnTypes(X_types={'continuous': ['Sex-0.0',
                                                                               'AgeAtScan']})),
                                       ('zscore',
                                        JuColumnTransformer(apply_to=ColumnTypes<types={'*'}; pattern=.*>,
                                                            copy=True,
                                                            name='zscore',
                                                            transformer=StandardScaler(),
                                                            with_mean=True,
                                                            with_std=True)),
                                       ('rf',
                                        WrapModel...
                                                  min_samples_leaf=1,
                                                  min_samples_split=2,
                                                  min_weight_fraction_leaf=0.0,
                                                  model=RandomForestClassifier(),
                                                  monotonic_cst=None,
                                                  n_estimators=100, n_jobs=None,
                                                  oob_score=False,
                                                  random_state=None, verbose=0,
                                                  warm_start=False))]),
             param_grid={'rf__criterion': ['gini', 'entropy', 'log_loss'],
                         'rf__max_features': ['sqrt', 'log2'],
                         'rf__n_estimators': [200, 500]},
             scoring='balanced_accuracy')";0.5896975083111156;0.7134401301993281;0.6542674047711479;0.774194809164145;0.6786382341937898;0.7400577442488591;0.6307371349095967;0.6851181238144508;0.734412955465587;0.8045767517213447;0.5588441083948145;0.6374203747002429;8385;2096;2;4;0e771c1190ea4a0ce23c7d5b46c62924
15;112.26987314224243;0.167647123336792;"GridSearchCV(cv=KFold(n_splits=5, random_state=None, shuffle=False),
             estimator=Pipeline(steps=[('set_column_types',
                                        SetColumnTypes(X_types={'continuous': ['Sex-0.0',
                                                                               'AgeAtScan']})),
                                       ('zscore',
                                        JuColumnTransformer(apply_to=ColumnTypes<types={'*'}; pattern=.*>,
                                                            copy=True,
                                                            name='zscore',
                                                            transformer=StandardScaler(),
                                                            with_mean=True,
                                                            with_std=True)),
                                       ('rf',
                                        WrapModel...
                                                  min_samples_leaf=1,
                                                  min_samples_split=2,
                                                  min_weight_fraction_leaf=0.0,
                                                  model=RandomForestClassifier(),
                                                  monotonic_cst=None,
                                                  n_estimators=100, n_jobs=None,
                                                  oob_score=False,
                                                  random_state=None, verbose=0,
                                                  warm_start=False))]),
             param_grid={'rf__criterion': ['gini', 'entropy', 'log_loss'],
                         'rf__max_features': ['sqrt', 'log2'],
                         'rf__n_estimators': [200, 500]},
             scoring='balanced_accuracy')";0.5533929192068159;0.7206505179607281;0.6162073370415161;0.7815282219522666;0.6666666666666666;0.7423220973782771;0.616655196145905;0.6903517938000696;0.725506072874494;0.8027541514783313;0.5396671895694976;0.6433968087629613;8384;2097;3;0;0e771c1190ea4a0ce23c7d5b46c62924
16;113.45501899719238;0.13508105278015137;"GridSearchCV(cv=KFold(n_splits=5, random_state=None, shuffle=False),
             estimator=Pipeline(steps=[('set_column_types',
                                        SetColumnTypes(X_types={'continuous': ['Sex-0.0',
                                                                               'AgeAtScan']})),
                                       ('zscore',
                                        JuColumnTransformer(apply_to=ColumnTypes<types={'*'}; pattern=.*>,
                                                            copy=True,
                                                            name='zscore',
                                                            transformer=StandardScaler(),
                                                            with_mean=True,
                                                            with_std=True)),
                                       ('rf',
                                        WrapModel...
                                                  min_samples_leaf=1,
                                                  min_samples_split=2,
                                                  min_weight_fraction_leaf=0.0,
                                                  model=RandomForestClassifier(),
                                                  monotonic_cst=None,
                                                  n_estimators=100, n_jobs=None,
                                                  oob_score=False,
                                                  random_state=None, verbose=0,
                                                  warm_start=False))]),
             param_grid={'rf__criterion': ['gini', 'entropy', 'log_loss'],
                         'rf__max_features': ['sqrt', 'log2'],
                         'rf__n_estimators': [200, 500]},
             scoring='balanced_accuracy')";0.5868997882877631;0.7126327145910225;0.6488964953798824;0.7748370916041324;0.6809770540340488;0.7406310724530397;0.6267029972752044;0.6820040899795501;0.7455429497568882;0.8102854828912736;0.5549060456441053;0.6343940473075056;8385;2096;3;1;0e771c1190ea4a0ce23c7d5b46c62924
17;116.0245418548584;0.11073422431945801;"GridSearchCV(cv=KFold(n_splits=5, random_state=None, shuffle=False),
             estimator=Pipeline(steps=[('set_column_types',
                                        SetColumnTypes(X_types={'continuous': ['Sex-0.0',
                                                                               'AgeAtScan']})),
                                       ('zscore',
                                        JuColumnTransformer(apply_to=ColumnTypes<types={'*'}; pattern=.*>,
                                                            copy=True,
                                                            name='zscore',
                                                            transformer=StandardScaler(),
                                                            with_mean=True,
                                                            with_std=True)),
                                       ('rf',
                                        WrapModel...
                                                  min_samples_leaf=1,
                                                  min_samples_split=2,
                                                  min_weight_fraction_leaf=0.0,
                                                  model=RandomForestClassifier(),
                                                  monotonic_cst=None,
                                                  n_estimators=100, n_jobs=None,
                                                  oob_score=False,
                                                  random_state=None, verbose=0,
                                                  warm_start=False))]),
             param_grid={'rf__criterion': ['gini', 'entropy', 'log_loss'],
                         'rf__max_features': ['sqrt', 'log2'],
                         'rf__n_estimators': [200, 500]},
             scoring='balanced_accuracy')";0.5815172020892952;0.714855831980105;0.6374295101930356;0.7781417111200161;0.6783844427823486;0.7412755716004813;0.6298611111111111;0.6828103683492497;0.7350081037277147;0.8106904231625836;0.558339318685203;0.6354670920223828;8385;2096;3;2;0e771c1190ea4a0ce23c7d5b46c62924
18;114.99037909507751;0.12462806701660156;"GridSearchCV(cv=KFold(n_splits=5, random_state=None, shuffle=False),
             estimator=Pipeline(steps=[('set_column_types',
                                        SetColumnTypes(X_types={'continuous': ['Sex-0.0',
                                                                               'AgeAtScan']})),
                                       ('zscore',
                                        JuColumnTransformer(apply_to=ColumnTypes<types={'*'}; pattern=.*>,
                                                            copy=True,
                                                            name='zscore',
                                                            transformer=StandardScaler(),
                                                            with_mean=True,
                                                            with_std=True)),
                                       ('rf',
                                        WrapModel...
                                                  min_samples_leaf=1,
                                                  min_samples_split=2,
                                                  min_weight_fraction_leaf=0.0,
                                                  model=RandomForestClassifier(),
                                                  monotonic_cst=None,
                                                  n_estimators=100, n_jobs=None,
                                                  oob_score=False,
                                                  random_state=None, verbose=0,
                                                  warm_start=False))]),
             param_grid={'rf__criterion': ['gini', 'entropy', 'log_loss'],
                         'rf__max_features': ['sqrt', 'log2'],
                         'rf__n_estimators': [200, 500]},
             scoring='balanced_accuracy')";0.5906750929857477;0.712385891406795;0.6461686085636231;0.7761098374330728;0.6744712990936556;0.738050784167289;0.6319886765746638;0.6846207135434708;0.7230769230769231;0.8005265289590927;0.5595640132225498;0.6361205316684062;8385;2096;3;3;0e771c1190ea4a0ce23c7d5b46c62924
19;114.02347207069397;0.27073001861572266;"GridSearchCV(cv=KFold(n_splits=5, random_state=None, shuffle=False),
             estimator=Pipeline(steps=[('set_column_types',
                                        SetColumnTypes(X_types={'continuous': ['Sex-0.0',
                                                                               'AgeAtScan']})),
                                       ('zscore',
                                        JuColumnTransformer(apply_to=ColumnTypes<types={'*'}; pattern=.*>,
                                                            copy=True,
                                                            name='zscore',
                                                            transformer=StandardScaler(),
                                                            with_mean=True,
                                                            with_std=True)),
                                       ('rf',
                                        WrapModel...
                                                  min_samples_leaf=1,
                                                  min_samples_split=2,
                                                  min_weight_fraction_leaf=0.0,
                                                  model=RandomForestClassifier(),
                                                  monotonic_cst=None,
                                                  n_estimators=100, n_jobs=None,
                                                  oob_score=False,
                                                  random_state=None, verbose=0,
                                                  warm_start=False))]),
             param_grid={'rf__criterion': ['gini', 'entropy', 'log_loss'],
                         'rf__max_features': ['sqrt', 'log2'],
                         'rf__n_estimators': [200, 500]},
             scoring='balanced_accuracy')";0.5885581684041248;0.7125023925924281;0.6650214077337209;0.7709726840909621;0.6886075949367089;0.7462277091906722;0.6222222222222222;0.6803401700850426;0.7708502024291498;0.8262454434993924;0.5497688875095808;0.6350548366322027;8385;2096;3;4;0e771c1190ea4a0ce23c7d5b46c62924
20;105.83574509620667;0.28124403953552246;"GridSearchCV(cv=KFold(n_splits=5, random_state=None, shuffle=False),
             estimator=Pipeline(steps=[('set_column_types',
                                        SetColumnTypes(X_types={'continuous': ['Sex-0.0',
                                                                               'AgeAtScan']})),
                                       ('zscore',
                                        JuColumnTransformer(apply_to=ColumnTypes<types={'*'}; pattern=.*>,
                                                            copy=True,
                                                            name='zscore',
                                                            transformer=StandardScaler(),
                                                            with_mean=True,
                                                            with_std=True)),
                                       ('rf',
                                        WrapModel...
                                                  min_samples_leaf=1,
                                                  min_samples_split=2,
                                                  min_weight_fraction_leaf=0.0,
                                                  model=RandomForestClassifier(),
                                                  monotonic_cst=None,
                                                  n_estimators=100, n_jobs=None,
                                                  oob_score=False,
                                                  random_state=None, verbose=0,
                                                  warm_start=False))]),
             param_grid={'rf__criterion': ['gini', 'entropy', 'log_loss'],
                         'rf__max_features': ['sqrt', 'log2'],
                         'rf__n_estimators': [200, 500]},
             scoring='balanced_accuracy')";0.5692791455705121;0.7171768290117245;0.6368778132779764;0.7772722778986157;0.6654163540885222;0.7436729396495781;0.6198462613556953;0.68575824927338;0.7182186234817813;0.8122721749696233;0.5435640681214011;0.6394500747163845;8384;2097;4;0;0e771c1190ea4a0ce23c7d5b46c62924
21;112.08565998077393;0.12355995178222656;"GridSearchCV(cv=KFold(n_splits=5, random_state=None, shuffle=False),
             estimator=Pipeline(steps=[('set_column_types',
                                        SetColumnTypes(X_types={'continuous': ['Sex-0.0',
                                                                               'AgeAtScan']})),
                                       ('zscore',
                                        JuColumnTransformer(apply_to=ColumnTypes<types={'*'}; pattern=.*>,
                                                            copy=True,
                                                            name='zscore',
                                                            transformer=StandardScaler(),
                                                            with_mean=True,
                                                            with_std=True)),
                                       ('rf',
                                        WrapModel...
                                                  min_samples_leaf=1,
                                                  min_samples_split=2,
                                                  min_weight_fraction_leaf=0.0,
                                                  model=RandomForestClassifier(),
                                                  monotonic_cst=None,
                                                  n_estimators=100, n_jobs=None,
                                                  oob_score=False,
                                                  random_state=None, verbose=0,
                                                  warm_start=False))]),
             param_grid={'rf__criterion': ['gini', 'entropy', 'log_loss'],
                         'rf__max_features': ['sqrt', 'log2'],
                         'rf__n_estimators': [200, 500]},
             scoring='balanced_accuracy')";0.5634549143185912;0.7164646058583318;0.6299136153075962;0.7787695105055685;0.668158090976883;0.7425348987704539;0.6187845303867403;0.6832255869343314;0.7260940032414911;0.8131200647904434;0.5428613867715576;0.6363917213099054;8385;2096;4;1;0e771c1190ea4a0ce23c7d5b46c62924
22;116.66110587120056;0.0981130599975586;"GridSearchCV(cv=KFold(n_splits=5, random_state=None, shuffle=False),
             estimator=Pipeline(steps=[('set_column_types',
                                        SetColumnTypes(X_types={'continuous': ['Sex-0.0',
                                                                               'AgeAtScan']})),
                                       ('zscore',
                                        JuColumnTransformer(apply_to=ColumnTypes<types={'*'}; pattern=.*>,
                                                            copy=True,
                                                            name='zscore',
                                                            transformer=StandardScaler(),
                                                            with_mean=True,
                                                            with_std=True)),
                                       ('rf',
                                        WrapModel...
                                                  min_samples_leaf=1,
                                                  min_samples_split=2,
                                                  min_weight_fraction_leaf=0.0,
                                                  model=RandomForestClassifier(),
                                                  monotonic_cst=None,
                                                  n_estimators=100, n_jobs=None,
                                                  oob_score=False,
                                                  random_state=None, verbose=0,
                                                  warm_start=False))]),
             param_grid={'rf__criterion': ['gini', 'entropy', 'log_loss'],
                         'rf__max_features': ['sqrt', 'log2'],
                         'rf__n_estimators': [200, 500]},
             scoring='balanced_accuracy')";0.5795608381247485;0.7150682023530955;0.6441545248217312;0.7764122757801841;0.6816143497757847;0.7427359099714048;0.6324549237170597;0.6821416468993562;0.7390599675850892;0.8151447661469933;0.5621053898250272;0.6353727313033284;8385;2096;4;2;0e771c1190ea4a0ce23c7d5b46c62924
23;110.57924890518188;0.1301271915435791;"GridSearchCV(cv=KFold(n_splits=5, random_state=None, shuffle=False),
             estimator=Pipeline(steps=[('set_column_types',
                                        SetColumnTypes(X_types={'continuous': ['Sex-0.0',
                                                                               'AgeAtScan']})),
                                       ('zscore',
                                        JuColumnTransformer(apply_to=ColumnTypes<types={'*'}; pattern=.*>,
                                                            copy=True,
                                                            name='zscore',
                                                            transformer=StandardScaler(),
                                                            with_mean=True,
                                                            with_std=True)),
                                       ('rf',
                                        WrapModel...
                                                  min_samples_leaf=1,
                                                  min_samples_split=2,
                                                  min_weight_fraction_leaf=0.0,
                                                  model=RandomForestClassifier(),
                                                  monotonic_cst=None,
                                                  n_estimators=100, n_jobs=None,
                                                  oob_score=False,
                                                  random_state=None, verbose=0,
                                                  warm_start=False))]),
             param_grid={'rf__criterion': ['gini', 'entropy', 'log_loss'],
                         'rf__max_features': ['sqrt', 'log2'],
                         'rf__n_estimators': [200, 500]},
             scoring='balanced_accuracy')";0.5825943846482999;0.7117957479828493;0.6374205193403802;0.7743417632531803;0.6895522388059702;0.7385961645876;0.639446366782007;0.6834941419710544;0.7481781376518218;0.8033616848926691;0.571533900417084;0.635217250917469;8385;2096;4;3;0e771c1190ea4a0ce23c7d5b46c62924
24;115.55735993385315;0.1292719841003418;"GridSearchCV(cv=KFold(n_splits=5, random_state=None, shuffle=False),
             estimator=Pipeline(steps=[('set_column_types',
                                        SetColumnTypes(X_types={'continuous': ['Sex-0.0',
                                                                               'AgeAtScan']})),
                                       ('zscore',
                                        JuColumnTransformer(apply_to=ColumnTypes<types={'*'}; pattern=.*>,
                                                            copy=True,
                                                            name='zscore',
                                                            transformer=StandardScaler(),
                                                            with_mean=True,
                                                            with_std=True)),
                                       ('rf',
                                        WrapModel...
                                                  min_samples_leaf=1,
                                                  min_samples_split=2,
                                                  min_weight_fraction_leaf=0.0,
                                                  model=RandomForestClassifier(),
                                                  monotonic_cst=None,
                                                  n_estimators=100, n_jobs=None,
                                                  oob_score=False,
                                                  random_state=None, verbose=0,
                                                  warm_start=False))]),
             param_grid={'rf__criterion': ['gini', 'entropy', 'log_loss'],
                         'rf__max_features': ['sqrt', 'log2'],
                         'rf__n_estimators': [200, 500]},
             scoring='balanced_accuracy')";0.5778555206026322;0.7153389291502417;0.6481190070310501;0.7755029826332793;0.672665916760405;0.7415016809861785;0.6263966480446927;0.6880415944540728;0.7263157894736842;0.8039692183070068;0.5524726450272022;0.6408880034093781;8385;2096;4;4;0e771c1190ea4a0ce23c7d5b46c62924
